name,dice,iou
train1163.png,0.7850778187066331,0.6461959710714749
train2688.png,0.8248783680022511,0.7019514793616798
train1832.png,0.5655946911936025,0.3943060498699639
